{"cameraMode":{"drawMode":0,"name":"Shaded","section":"Shading Mode"},"sceneLighting":true,"audioPlay":false,"sceneViewState":{"showFog":true,"showMaterialUpdate":false,"showSkybox":true,"showFlares":true,"showImageEffects":true,"showParticleSystems":true},"in2DMode":false,"pivot":{"x":27.069669723510743,"y":17.914505004882814,"z":25.93889045715332},"rotation":{"x":0.4399246275424957,"y":0.3823559880256653,"z":-0.214627206325531,"w":0.783720076084137},"size":90.78533172607422,"orthographic":false}