{"cameraMode":{"drawMode":0,"name":"Shaded","section":"Shading Mode"},"sceneLighting":true,"audioPlay":false,"sceneViewState":{"showFog":true,"showMaterialUpdate":false,"showSkybox":true,"showFlares":true,"showImageEffects":true,"showParticleSystems":true},"in2DMode":false,"pivot":{"x":-5.8912248611450199,"y":11.831814765930176,"z":10.225598335266114},"rotation":{"x":0.4223496913909912,"y":0.5771254897117615,"z":-0.4777818024158478,"w":0.510174036026001},"size":102.4280014038086,"orthographic":false}